,vm_pu,va_degree,p_mw,q_mvar

25,1.0555945168617804,-9.101136280198716,0.0,0.0

29,1.0556837375746726,-9.518043732448714,0.0,0.0
